Name,Grades,Average,Letter Grade
s1,"[40.0, 90.0, 80.0]",70,C
s2,"[90.0, 90.0, 70.0]",83.33333333,B
s3,"[60.0, 90.0, 90.0]",82.55555,C
s new,"[70.0, 80.0, 85.0]",76,B
batoul,"[90.0, 80.0, 90.0]",86.66666667,B
newww,"[70.0, 60.0, 75.0]",68.33333333,D
new student,"[50.0, 70.0]",60.0,D
